e_환경,e_친환경,s_근로,s_지역,s_사회,g_지배, g_경영
여건,전기차,근무,권역,대내외,재무,윤여
공간,에너지,초과근무,국가,사회단체,경영,지배
실재,미래형,격려금,도심,자발,역삼각형,가업
인프라,수소,숙직,사업장,지구촌,통체,인사
안전망,플라스틱,교대근무,시군,윤리,개편,기득
시스템,환경친화,휴계,도시,선한,쇄신,서제희
좌식,저탄소,근로자,전역,박재복,조정,양증
시설,첨단,흡,지자체,나눔,우호,이호규
권혁태,전장용,엄수,영월,종교,정반대,퍼블리시티
경관,포장재,재택근무,상권,국민,변화,재무
태만,소재,휴식,남부,사회봉사,독과점,오너
프로세스,청정,소급,해변가,도덕,월권,송창규
컨디션,전기,준수,거점,중립,윤리,경내
접근성,장바구니,외수,연고지,내형,자구책,겸영
분위기,리사이클링,점근,노선,시민,디스카운트,경영인
원격,산업,노동,아프리카,경제,오승진,하현
조건,저감,휴게,전국,공익,김문정,광양만
위화감,농업,임금,부산,체육계,해산,허선호
성능,태양광,조례,영업소,경영,띤다,공정성
상황,크루즈,노동법,내륙,인류,이원,명관
용이성,취성,유자녀,지사,경내,오너,회피성
유연,플랜트,제도,남양주,갖춰야만,재정,필립
인프라스트럭처,혼소,고용,수원시,포용,완결,박주혁
체질,김영석,한부,사우디아라비아,계지,못됐,임원진
강도,연료,출퇴근,거주자,재정,상명하복,승계
송정훈,신재,다실,횡성,대외,재편,박종섭
주야간,암모니아,지킴,대구,이사회,내규,윤리
철도망,교통수단,휴가제,덕정,맹목,개혁,사회
균형,탄소,인센티브,지방,혁신,변한,송준호
삶,에너지원,연봉제,중문,창의,불러올,정책
여건,저탄소,근무,인천,공헌,상옥,오너
쾌적,플라스틱,휴일,수도,활동,지주회사,승계
열악,수소,초과근무,지사,초년생,경영,이만열
깨끗,포장재,근로자,호남,나눔,구조,지배
악천후,탄소,연봉제,부산,윤리,지주사,윤리
속,중립,수당,국가,금회,승계,장성학
조성,전기차,당직,한호연,지배,사회,경영인
작업장,청정,임금,서구,봉사,못됐,재무
사무실,고부,노동법,지자체,약자,지배력,김연근
근무,신재,휴무,울산,계층,준영,독단
경급,저감,인센티브,도내,실천,계열사,임원진
박진섭,연향,휴직,광주,취약,일가,오연근
시설,에너지,임금제,대구,의장,건전,인사
분위기,사이클링,처우,동남아시아,이봉재,대주주,쇄신
변화,연료,급여,이희원,박재복,윤리,책임
깔끔,자동차,계약서,강원도,기금,모태,진분
생활,연료전지,호봉,중동,이사회,재무,신승철
유연,환경친화,무급,거점,아프가니스탄,수혜자,이두복
기후,소재,소득,전북,미혼모,창업주,박종복
삼호개발,암모니아,점근,경남,시민,균형감,창업주
워라,에너지원,제도,권역,문미숙,하림,주민규
복원사업,에폭시,토요일,동남아,모금,지주,이호규
생장,보호제,유급,남부,장림동,이사회,김대헌
권혁태,플랜트,근로계약서,도시,기부,권태훈,권태훈
변재철,작물,시차,대전,결의,오너,이선주
보여준다며,가전제품,휴가,전역,진미석,차입금,가족
처우,피혁,유연근,저소득층,어르신,계열,조성수
악취,질소,외수,사업장,기부금,기업지배구조,철학
극한,냉열,년수,주민,청소년,증여,실천
장대기,아스,복지,영남,동부동,최유진,임원
환경청,복합,근무,지역색,마사회,지배권,조경영
자연환경,포장재,초과근무,지역구,약사회,지배주,경영권
여건,연료,근무일,지역인,대사회,지배자,경영계
환경친화,청정에너지,근무처,지역민,사회학,지배인,경영주
환경정화,플라스틱,근무복,지역상,사회주의,재무,정경영
시스템,수소,노동법,구로디지털단지역,사회봉사,역삼각형,이경영
서브시스템,자연환경,흡,국가,사회부,삼각형,흑자경영
공간,에너지원,휴식,권역,의사회,지배력,김경영
분위기,촉매,근로자,지역난방,사회단체,쇄신,경영난
프로세스,탈수소,노동절,가산디지털단지역,사회생활,경영,경영지
초공간,암모니아,준수,거점,대내외,해산,경영인
안전망,저탄소,시행령,사업장,사회관,수직,인사처
대들,전기수,기본소득,상권,종교,조정,인사
인프라,전기장,조출,강원도,이사회,개편,인사동
환경부,재생,교대근무,사업소,욕창,수직관,인사과
접근성,연료유,호봉,중앙아시아,문화예술,재무회계,재무관리
조건,탄화수소,보조금,지자체,경제사,상명하복,운영
상황,연료전지,외수,중동,경영,통체,재무
균형,저감,근로계약서,강원도지사,인류,재무관리,지배
현장감,에너지,금제,부지사,체육인,피라미드형,마케팅
시설물,전기차,재택근무,단체장,경영계,오너,겸영
고강도,열에너지,시차출근,대구,문화부,의사회,경영학
상황실,너지,연봉제,참전국,정서,다각형,의사회
환경운동연합,제조업체인,휴무,지사,문화,재정,개인사
시설,전기공,수당,남부,예술,조정위,정책
강도,안전기,노동청,아프리카,봉사,피라미드,양증
안전모,수소선,휴가제,동남아시아,경영권,수직선,약사회
카드시스템,메탄가스,보증서,도심,나눔,수평축,오너
성능,작물,임금제,남미,자발,수평,지배권
유연,에너,가점,단체상,민주주의,겸영,임원진
